{
  "project_info": {
    "project_number": "201523930815",
    "firebase_url": "https://enews-e3742.firebaseio.com",
    "project_id": "enews-e3742",
    "storage_bucket": "enews-e3742.appspot.com"
  },
  "client": [
    {
      "client_info": {
        "mobilesdk_app_id": "1:201523930815:android:ff32d19228543789",
        "android_client_info": {
          "package_name": "com.ristana.e_news"
        }
      },
      "oauth_client": [
        {
          "client_id": "201523930815-sjfsr4i7o58ikdbeku66hev254usn486.apps.googleusercontent.com",
          "client_type": 1,
          "android_info": {
            "package_name": "com.ristana.e_news",
            "certificate_hash": "ba8be8ef8eb949eaa5d20a4cae6ddee0f6775a4e"
          }
        },
        {
          "client_id": "201523930815-gvdq77hof7a7581jhansl1rakfr4a45e.apps.googleusercontent.com",
          "client_type": 3
        }
      ],
      "api_key": [
        {
          "current_key": "AIzaSyDVO8WrjepwridYhg2YvAVE2AL2mCIC2ws"
        }
      ],
      "services": {
        "analytics_service": {
          "status": 1
        },
        "appinvite_service": {
          "status": 2,
          "other_platform_oauth_client": [
            {
              "client_id": "201523930815-gvdq77hof7a7581jhansl1rakfr4a45e.apps.googleusercontent.com",
              "client_type": 3
            }
          ]
        },
        "ads_service": {
          "status": 2
        }
      }
    },
    {
      "client_info": {
        "mobilesdk_app_id": "1:201523930815:android:93a4885c3191b94f",
        "android_client_info": {
          "package_name": "com.ristana.guide"
        }
      },
      "oauth_client": [
        {
          "client_id": "201523930815-hcb04fkf84pe9f5fl35obrb3510a7niq.apps.googleusercontent.com",
          "client_type": 1,
          "android_info": {
            "package_name": "com.ristana.guide",
            "certificate_hash": "3d51169238a79a75baf1c61dbcb51a44b2ba767a"
          }
        },
        {
          "client_id": "201523930815-gvdq77hof7a7581jhansl1rakfr4a45e.apps.googleusercontent.com",
          "client_type": 3
        }
      ],
      "api_key": [
        {
          "current_key": "AIzaSyDVO8WrjepwridYhg2YvAVE2AL2mCIC2ws"
        }
      ],
      "services": {
        "analytics_service": {
          "status": 1
        },
        "appinvite_service": {
          "status": 2,
          "other_platform_oauth_client": [
            {
              "client_id": "201523930815-gvdq77hof7a7581jhansl1rakfr4a45e.apps.googleusercontent.com",
              "client_type": 3
            }
          ]
        },
        "ads_service": {
          "status": 2
        }
      }
    },
    {
      "client_info": {
        "mobilesdk_app_id": "1:201523930815:android:05382a97b42d6dbd",
        "android_client_info": {
          "package_name": "com.ristana_inc.guide"
        }
      },
      "oauth_client": [
        {
          "client_id": "201523930815-9t86kmf1t6he2s8kaqt77fn61qmgn796.apps.googleusercontent.com",
          "client_type": 1,
          "android_info": {
            "package_name": "com.ristana_inc.guide",
            "certificate_hash": "e076fc54ea4d6e938b5d5bf54e7c4f417fea2ef7"
          }
        },
        {
          "client_id": "201523930815-gvdq77hof7a7581jhansl1rakfr4a45e.apps.googleusercontent.com",
          "client_type": 3
        }
      ],
      "api_key": [
        {
          "current_key": "AIzaSyDVO8WrjepwridYhg2YvAVE2AL2mCIC2ws"
        }
      ],
      "services": {
        "analytics_service": {
          "status": 1
        },
        "appinvite_service": {
          "status": 2,
          "other_platform_oauth_client": [
            {
              "client_id": "201523930815-gvdq77hof7a7581jhansl1rakfr4a45e.apps.googleusercontent.com",
              "client_type": 3
            }
          ]
        },
        "ads_service": {
          "status": 2
        }
      }
    },
    {
      "client_info": {
        "mobilesdk_app_id": "1:201523930815:android:fbcfac9c342a8104",
        "android_client_info": {
          "package_name": "com.ristana.how_to"
        }
      },
      "oauth_client": [
        {
          "client_id": "201523930815-lqrub0b7i5833e8h4onpp6pklvlcjv0h.apps.googleusercontent.com",
          "client_type": 1,
          "android_info": {
            "package_name": "com.ristana.how_to",
            "certificate_hash": "0cbc7dab54315f64f7f3a15df32d651c193e0f10"
          }
        },
        {
          "client_id": "201523930815-gvdq77hof7a7581jhansl1rakfr4a45e.apps.googleusercontent.com",
          "client_type": 3
        }
      ],
      "api_key": [
        {
          "current_key": "AIzaSyDVO8WrjepwridYhg2YvAVE2AL2mCIC2ws"
        }
      ],
      "services": {
        "analytics_service": {
          "status": 1
        },
        "appinvite_service": {
          "status": 2,
          "other_platform_oauth_client": [
            {
              "client_id": "201523930815-gvdq77hof7a7581jhansl1rakfr4a45e.apps.googleusercontent.com",
              "client_type": 3
            }
          ]
        },
        "ads_service": {
          "status": 2
        }
      }
    },
    {
      "client_info": {
        "mobilesdk_app_id": "1:201523930815:android:0cb3dbb31fddc7d9",
        "android_client_info": {
          "package_name": "com.ron.global_news"
        }
      },
      "oauth_client": [
        {
          "client_id": "201523930815-3qd9lm7k1rocr19i7h2u103qb4urk89h.apps.googleusercontent.com",
          "client_type": 1,
          "android_info": {
            "package_name": "com.ron.global_news",
            "certificate_hash": "6128717bd726919e582561febc003a087a369972"
          }
        },
        {
          "client_id": "201523930815-gvdq77hof7a7581jhansl1rakfr4a45e.apps.googleusercontent.com",
          "client_type": 3
        }
      ],
      "api_key": [
        {
          "current_key": "AIzaSyDVO8WrjepwridYhg2YvAVE2AL2mCIC2ws"
        }
      ],
      "services": {
        "analytics_service": {
          "status": 1
        },
        "appinvite_service": {
          "status": 2,
          "other_platform_oauth_client": [
            {
              "client_id": "201523930815-gvdq77hof7a7581jhansl1rakfr4a45e.apps.googleusercontent.com",
              "client_type": 3
            }
          ]
        },
        "ads_service": {
          "status": 2
        }
      }
    },
    {
      "client_info": {
        "mobilesdk_app_id": "1:201523930815:android:caef29577f9e33c3",
        "android_client_info": {
          "package_name": "com.ristana.guide_app"
        }
      },
      "oauth_client": [
        {
          "client_id": "201523930815-d5t17lokjpd9naajvst72snnml3b7m9o.apps.googleusercontent.com",
          "client_type": 1,
          "android_info": {
            "package_name": "com.ristana.guide_app",
            "certificate_hash": "a5b9143aa6c807613d15a3a4317c8a548dd9ba26"
          }
        },
        {
          "client_id": "201523930815-gvdq77hof7a7581jhansl1rakfr4a45e.apps.googleusercontent.com",
          "client_type": 3
        }
      ],
      "api_key": [
        {
          "current_key": "AIzaSyDVO8WrjepwridYhg2YvAVE2AL2mCIC2ws"
        }
      ],
      "services": {
        "analytics_service": {
          "status": 1
        },
        "appinvite_service": {
          "status": 2,
          "other_platform_oauth_client": [
            {
              "client_id": "201523930815-gvdq77hof7a7581jhansl1rakfr4a45e.apps.googleusercontent.com",
              "client_type": 3
            }
          ]
        },
        "ads_service": {
          "status": 2
        }
      }
    },
    {
      "client_info": {
        "mobilesdk_app_id": "1:201523930815:android:3e9421d5ba65bf2b",
        "android_client_info": {
          "package_name": "com.ristana.freebies"
        }
      },
      "oauth_client": [
        {
          "client_id": "201523930815-qo7u9tkmgd8h0m910r9b5hpomc9nfmbc.apps.googleusercontent.com",
          "client_type": 1,
          "android_info": {
            "package_name": "com.ristana.freebies",
            "certificate_hash": "306dcb02e559722f05f8baeff5e46267b731a81f"
          }
        },
        {
          "client_id": "201523930815-gvdq77hof7a7581jhansl1rakfr4a45e.apps.googleusercontent.com",
          "client_type": 3
        }
      ],
      "api_key": [
        {
          "current_key": "AIzaSyDVO8WrjepwridYhg2YvAVE2AL2mCIC2ws"
        }
      ],
      "services": {
        "analytics_service": {
          "status": 1
        },
        "appinvite_service": {
          "status": 2,
          "other_platform_oauth_client": [
            {
              "client_id": "201523930815-gvdq77hof7a7581jhansl1rakfr4a45e.apps.googleusercontent.com",
              "client_type": 3
            }
          ]
        },
        "ads_service": {
          "status": 2
        }
      }
    },
    {
      "client_info": {
        "mobilesdk_app_id": "1:201523930815:android:caca456acdcb0103",
        "android_client_info": {
          "package_name": "com.ristana.music"
        }
      },
      "oauth_client": [
        {
          "client_id": "201523930815-htnd3dpj64ulfqa3sovbl58rvfu19clj.apps.googleusercontent.com",
          "client_type": 1,
          "android_info": {
            "package_name": "com.ristana.music",
            "certificate_hash": "ee655713ddafc1fd53853fd909265b5cce99dfcf"
          }
        },
        {
          "client_id": "201523930815-gvdq77hof7a7581jhansl1rakfr4a45e.apps.googleusercontent.com",
          "client_type": 3
        }
      ],
      "api_key": [
        {
          "current_key": "AIzaSyDVO8WrjepwridYhg2YvAVE2AL2mCIC2ws"
        }
      ],
      "services": {
        "analytics_service": {
          "status": 1
        },
        "appinvite_service": {
          "status": 2,
          "other_platform_oauth_client": [
            {
              "client_id": "201523930815-gvdq77hof7a7581jhansl1rakfr4a45e.apps.googleusercontent.com",
              "client_type": 3
            }
          ]
        },
        "ads_service": {
          "status": 2
        }
      }
    },
    {
      "client_info": {
        "mobilesdk_app_id": "1:201523930815:android:24b124da75a75eec",
        "android_client_info": {
          "package_name": "com.ristanainc.tmusic"
        }
      },
      "oauth_client": [
        {
          "client_id": "201523930815-t3uhsk2eul9s331gt68al80p0ndunaun.apps.googleusercontent.com",
          "client_type": 1,
          "android_info": {
            "package_name": "com.ristanainc.tmusic",
            "certificate_hash": "f684f5203745e7431581727f0e82e6e33fcda8d1"
          }
        },
        {
          "client_id": "201523930815-gvdq77hof7a7581jhansl1rakfr4a45e.apps.googleusercontent.com",
          "client_type": 3
        }
      ],
      "api_key": [
        {
          "current_key": "AIzaSyDVO8WrjepwridYhg2YvAVE2AL2mCIC2ws"
        }
      ],
      "services": {
        "analytics_service": {
          "status": 1
        },
        "appinvite_service": {
          "status": 2,
          "other_platform_oauth_client": [
            {
              "client_id": "201523930815-gvdq77hof7a7581jhansl1rakfr4a45e.apps.googleusercontent.com",
              "client_type": 3
            }
          ]
        },
        "ads_service": {
          "status": 2
        }
      }
    },
    {
      "client_info": {
        "mobilesdk_app_id": "1:201523930815:android:1f49a69bc77b3e56",
        "android_client_info": {
          "package_name": "com.company.vmusic"
        }
      },
      "oauth_client": [
        {
          "client_id": "201523930815-th4ep6cl9rf9hle8vkds8pr6qk1bovqj.apps.googleusercontent.com",
          "client_type": 1,
          "android_info": {
            "package_name": "com.company.vmusic",
            "certificate_hash": "514439c0703772c50e63a58dc20ff6f9b1dc1c5f"
          }
        },
        {
          "client_id": "201523930815-gvdq77hof7a7581jhansl1rakfr4a45e.apps.googleusercontent.com",
          "client_type": 3
        }
      ],
      "api_key": [
        {
          "current_key": "AIzaSyDVO8WrjepwridYhg2YvAVE2AL2mCIC2ws"
        }
      ],
      "services": {
        "analytics_service": {
          "status": 1
        },
        "appinvite_service": {
          "status": 2,
          "other_platform_oauth_client": [
            {
              "client_id": "201523930815-gvdq77hof7a7581jhansl1rakfr4a45e.apps.googleusercontent.com",
              "client_type": 3
            }
          ]
        },
        "ads_service": {
          "status": 2
        }
      }
    },
    {
      "client_info": {
        "mobilesdk_app_id": "1:201523930815:android:ff9881866375e9b1",
        "android_client_info": {
          "package_name": "com.LM.GJET"
        }
      },
      "oauth_client": [
        {
          "client_id": "201523930815-gvdq77hof7a7581jhansl1rakfr4a45e.apps.googleusercontent.com",
          "client_type": 3
        }
      ],
      "api_key": [
        {
          "current_key": "AIzaSyDVO8WrjepwridYhg2YvAVE2AL2mCIC2ws"
        }
      ],
      "services": {
        "analytics_service": {
          "status": 1
        },
        "appinvite_service": {
          "status": 1,
          "other_platform_oauth_client": []
        },
        "ads_service": {
          "status": 2
        }
      }
    },
    {
      "client_info": {
        "mobilesdk_app_id": "1:201523930815:android:a057b28ee03d3983",
        "android_client_info": {
          "package_name": "com.ristana.appnews"
        }
      },
      "oauth_client": [
        {
          "client_id": "201523930815-gacqeit4jbki5qsg47rg4c14bgio53ts.apps.googleusercontent.com",
          "client_type": 1,
          "android_info": {
            "package_name": "com.ristana.appnews",
            "certificate_hash": "81756615761e06494df29c6fc39a02063c4799d1"
          }
        },
        {
          "client_id": "201523930815-gvdq77hof7a7581jhansl1rakfr4a45e.apps.googleusercontent.com",
          "client_type": 3
        }
      ],
      "api_key": [
        {
          "current_key": "AIzaSyDVO8WrjepwridYhg2YvAVE2AL2mCIC2ws"
        }
      ],
      "services": {
        "analytics_service": {
          "status": 1
        },
        "appinvite_service": {
          "status": 2,
          "other_platform_oauth_client": [
            {
              "client_id": "201523930815-gvdq77hof7a7581jhansl1rakfr4a45e.apps.googleusercontent.com",
              "client_type": 3
            }
          ]
        },
        "ads_service": {
          "status": 2
        }
      }
    },
    {
      "client_info": {
        "mobilesdk_app_id": "1:201523930815:android:a0135bcca97e27fc",
        "android_client_info": {
          "package_name": "com.ristana.wallpaper"
        }
      },
      "oauth_client": [
        {
          "client_id": "201523930815-uccslgjtftdj527hiklah7bdf978djab.apps.googleusercontent.com",
          "client_type": 1,
          "android_info": {
            "package_name": "com.ristana.wallpaper",
            "certificate_hash": "ebd2b485c1d49273385788327533e27c4ffade16"
          }
        },
        {
          "client_id": "201523930815-g5o4bm1ojai6nstfjlhs5h8gieq9jt47.apps.googleusercontent.com",
          "client_type": 1,
          "android_info": {
            "package_name": "com.ristana.wallpaper",
            "certificate_hash": "97e7258ac05d12f9f159625e6b6763714e916d42"
          }
        },
        {
          "client_id": "201523930815-gvdq77hof7a7581jhansl1rakfr4a45e.apps.googleusercontent.com",
          "client_type": 3
        }
      ],
      "api_key": [
        {
          "current_key": "AIzaSyDVO8WrjepwridYhg2YvAVE2AL2mCIC2ws"
        }
      ],
      "services": {
        "analytics_service": {
          "status": 1
        },
        "appinvite_service": {
          "status": 2,
          "other_platform_oauth_client": [
            {
              "client_id": "201523930815-gvdq77hof7a7581jhansl1rakfr4a45e.apps.googleusercontent.com",
              "client_type": 3
            }
          ]
        },
        "ads_service": {
          "status": 2
        }
      }
    },
    {
      "client_info": {
        "mobilesdk_app_id": "1:201523930815:android:98895ce879367945",
        "android_client_info": {
          "package_name": "com.ristana.status"
        }
      },
      "oauth_client": [
        {
          "client_id": "201523930815-vf4jcrrl05mr91lg4pj0fp6d8efod34m.apps.googleusercontent.com",
          "client_type": 1,
          "android_info": {
            "package_name": "com.ristana.status",
            "certificate_hash": "894df8fc334606c39eda7067a65c15775868858c"
          }
        },
        {
          "client_id": "201523930815-hfqnh71akse880qgsij3ojn9v6ck8gih.apps.googleusercontent.com",
          "client_type": 1,
          "android_info": {
            "package_name": "com.ristana.status",
            "certificate_hash": "06c9c4dce4b95052a30d64b3c3240a25ab91a783"
          }
        },
        {
          "client_id": "201523930815-gvdq77hof7a7581jhansl1rakfr4a45e.apps.googleusercontent.com",
          "client_type": 3
        }
      ],
      "api_key": [
        {
          "current_key": "AIzaSyDVO8WrjepwridYhg2YvAVE2AL2mCIC2ws"
        }
      ],
      "services": {
        "analytics_service": {
          "status": 1
        },
        "appinvite_service": {
          "status": 2,
          "other_platform_oauth_client": [
            {
              "client_id": "201523930815-gvdq77hof7a7581jhansl1rakfr4a45e.apps.googleusercontent.com",
              "client_type": 3
            }
          ]
        },
        "ads_service": {
          "status": 2
        }
      }
    },
    {
      "client_info": {
        "mobilesdk_app_id": "1:201523930815:android:bee09aa53de9b261",
        "android_client_info": {
          "package_name": "com.wallpapers.HD4K"
        }
      },
      "oauth_client": [
        {
          "client_id": "201523930815-c5k0pru67g7kkq7hqigoa5o3or6qg96q.apps.googleusercontent.com",
          "client_type": 1,
          "android_info": {
            "package_name": "com.wallpapers.HD4K",
            "certificate_hash": "01c76056073f7055310ed873082a64bd79925742"
          }
        },
        {
          "client_id": "201523930815-v4bdsdr7b2o7ju8528c4c66am1qen2ou.apps.googleusercontent.com",
          "client_type": 1,
          "android_info": {
            "package_name": "com.wallpapers.HD4K",
            "certificate_hash": "1cfd9af1c950eecc9bea148d747c95dfbe8b95d5"
          }
        },
        {
          "client_id": "201523930815-gvdq77hof7a7581jhansl1rakfr4a45e.apps.googleusercontent.com",
          "client_type": 3
        }
      ],
      "api_key": [
        {
          "current_key": "AIzaSyDVO8WrjepwridYhg2YvAVE2AL2mCIC2ws"
        }
      ],
      "services": {
        "analytics_service": {
          "status": 1
        },
        "appinvite_service": {
          "status": 2,
          "other_platform_oauth_client": [
            {
              "client_id": "201523930815-gvdq77hof7a7581jhansl1rakfr4a45e.apps.googleusercontent.com",
              "client_type": 3
            }
          ]
        },
        "ads_service": {
          "status": 2
        }
      }
    },
    {
      "client_info": {
        "mobilesdk_app_id": "1:201523930815:android:30d512338e683cc6",
        "android_client_info": {
          "package_name": "com.wallpaperhd.app"
        }
      },
      "oauth_client": [
        {
          "client_id": "201523930815-g4t69jr6t55uhcbeem8bjlnd2t88qbtv.apps.googleusercontent.com",
          "client_type": 1,
          "android_info": {
            "package_name": "com.wallpaperhd.app",
            "certificate_hash": "b3b7d69c3fa5154d6187f09f1bae3e7f4c96249d"
          }
        },
        {
          "client_id": "201523930815-gvdq77hof7a7581jhansl1rakfr4a45e.apps.googleusercontent.com",
          "client_type": 3
        }
      ],
      "api_key": [
        {
          "current_key": "AIzaSyDVO8WrjepwridYhg2YvAVE2AL2mCIC2ws"
        }
      ],
      "services": {
        "analytics_service": {
          "status": 1
        },
        "appinvite_service": {
          "status": 2,
          "other_platform_oauth_client": [
            {
              "client_id": "201523930815-gvdq77hof7a7581jhansl1rakfr4a45e.apps.googleusercontent.com",
              "client_type": 3
            }
          ]
        },
        "ads_service": {
          "status": 2
        }
      }
    },
    {
      "client_info": {
        "mobilesdk_app_id": "1:201523930815:android:ce54f89e09b78ace",
        "android_client_info": {
          "package_name": "com.ristana.howto"
        }
      },
      "oauth_client": [
        {
          "client_id": "201523930815-3vhlaoekh4krfb02oftaknrqa13db1cp.apps.googleusercontent.com",
          "client_type": 1,
          "android_info": {
            "package_name": "com.ristana.howto",
            "certificate_hash": "8808e02dc6057ed66ae38798cdf36b95b6b0c40a"
          }
        },
        {
          "client_id": "201523930815-jc7mogiiopl2sgt0p6ch7d1qvablb88r.apps.googleusercontent.com",
          "client_type": 1,
          "android_info": {
            "package_name": "com.ristana.howto",
            "certificate_hash": "0cbc7dab54315f64f7f3a15df32d651c193e0f10"
          }
        },
        {
          "client_id": "201523930815-gvdq77hof7a7581jhansl1rakfr4a45e.apps.googleusercontent.com",
          "client_type": 3
        }
      ],
      "api_key": [
        {
          "current_key": "AIzaSyDVO8WrjepwridYhg2YvAVE2AL2mCIC2ws"
        }
      ],
      "services": {
        "analytics_service": {
          "status": 1
        },
        "appinvite_service": {
          "status": 2,
          "other_platform_oauth_client": [
            {
              "client_id": "201523930815-gvdq77hof7a7581jhansl1rakfr4a45e.apps.googleusercontent.com",
              "client_type": 3
            }
          ]
        },
        "ads_service": {
          "status": 2
        }
      }
    },
    {
      "client_info": {
        "mobilesdk_app_id": "1:201523930815:android:429dfb109a8b9e31",
        "android_client_info": {
          "package_name": "com.brd.app"
        }
      },
      "oauth_client": [
        {
          "client_id": "201523930815-hss30ca6hckafrqee0d5katnmugd71jf.apps.googleusercontent.com",
          "client_type": 1,
          "android_info": {
            "package_name": "com.brd.app",
            "certificate_hash": "f36416935cee210b5c37bb13e85d3f4fc1b4bf79"
          }
        },
        {
          "client_id": "201523930815-gvdq77hof7a7581jhansl1rakfr4a45e.apps.googleusercontent.com",
          "client_type": 3
        }
      ],
      "api_key": [
        {
          "current_key": "AIzaSyDVO8WrjepwridYhg2YvAVE2AL2mCIC2ws"
        }
      ],
      "services": {
        "analytics_service": {
          "status": 1
        },
        "appinvite_service": {
          "status": 2,
          "other_platform_oauth_client": [
            {
              "client_id": "201523930815-gvdq77hof7a7581jhansl1rakfr4a45e.apps.googleusercontent.com",
              "client_type": 3
            }
          ]
        },
        "ads_service": {
          "status": 2
        }
      }
    },
    {
      "client_info": {
        "mobilesdk_app_id": "1:201523930815:android:cd2689348874c364",
        "android_client_info": {
          "package_name": "com.ristana.newspro"
        }
      },
      "oauth_client": [
        {
          "client_id": "201523930815-7ojk3r0lihtpf28frkjo47tei4pcpbkf.apps.googleusercontent.com",
          "client_type": 1,
          "android_info": {
            "package_name": "com.ristana.newspro",
            "certificate_hash": "d72e608002cac9feaa94450efe8edcf885804619"
          }
        },
        {
          "client_id": "201523930815-gvdq77hof7a7581jhansl1rakfr4a45e.apps.googleusercontent.com",
          "client_type": 3
        }
      ],
      "api_key": [
        {
          "current_key": "AIzaSyDVO8WrjepwridYhg2YvAVE2AL2mCIC2ws"
        }
      ],
      "services": {
        "analytics_service": {
          "status": 1
        },
        "appinvite_service": {
          "status": 2,
          "other_platform_oauth_client": [
            {
              "client_id": "201523930815-gvdq77hof7a7581jhansl1rakfr4a45e.apps.googleusercontent.com",
              "client_type": 3
            }
          ]
        },
        "ads_service": {
          "status": 2
        }
      }
    }
  ],
  "configuration_version": "1"
}